Accession,Description,Genome length (bp),GC(%),Family,Host,env.source,virus.tax.id,virus.name,virus.lineage,refseq.id,KEGG.GENOME,KEGG.DISEASE,DISEASE,host.tax.id,host.name,host.lineage,pmid,evidence,sample.type,source.organism,n.host
NC_022751,Cyanophage PP,42480,46.408,Podoviridae,Unspecified,freshwater,434346,Cyanophage PP,Viruses; Duplodnaviria; Heunggongvirae; Uroviricota; Caudoviricetes; Caudovirales; Podoviridae; unclassified Podoviridae,NC_022751,NA,NA,NA,1184,Leptolyngbya boryana,Bacteria; Terrabacteria group; Cyanobacteria/Melainabacteria group; Cyanobacteria; Synechococcales; Leptolyngbyaceae; Leptolyngbya,NA,RefSeq,NA,NA,2
NC_022751,Cyanophage PP,42480,46.408,Podoviridae,Unspecified,freshwater,434346,Cyanophage PP,Viruses; Duplodnaviria; Heunggongvirae; Uroviricota; Caudoviricetes; Caudovirales; Podoviridae; unclassified Podoviridae,NC_022751,NA,NA,NA,47253,Leptolyngbya foveolarum,Bacteria; Terrabacteria group; Cyanobacteria/Melainabacteria group; Cyanobacteria; Synechococcales; Leptolyngbyaceae; Leptolyngbya,NA,"NCBI Virus, RefSeq",NA,NA,2
NC_009551,Phormidium virus WMP3,43249,46.48,Podoviridae,Phormidium,freshwater,440250,Phormidium virus WMP3,Viruses; Duplodnaviria; Heunggongvirae; Uroviricota; Caudoviricetes; Caudovirales; Podoviridae,NC_009551,NA,NA,NA,47253,Leptolyngbya foveolarum,Bacteria; Terrabacteria group; Cyanobacteria/Melainabacteria group; Cyanobacteria; Synechococcales; Leptolyngbyaceae; Leptolyngbya,18443848,"Literature, NCBI Virus, RefSeq",NA,NA,2
NC_008562,Microcystis virus Ma-LMM01,162109,45.953,Myoviridae,Microcystis,freshwater,340435,Microcystis virus Ma-LMM01,Viruses; Duplodnaviria; Heunggongvirae; Uroviricota; Caudoviricetes; Caudovirales; Myoviridae,NC_008562,NA,NA,NA,1125,Microcystis,Bacteria; Terrabacteria group; Cyanobacteria/Melainabacteria group; Cyanobacteria; Oscillatoriophycideae; Chroococcales; Microcystaceae,NA,NA,NA,NA,1
NC_029002,Microcystis phage MaMV-DC,169223,46.032,Myoviridae,Microcystis,freshwater,1357715,Microcystis phage MaMV-DC,Viruses; Duplodnaviria; Heunggongvirae; Uroviricota; Caudoviricetes; Caudovirales; Myoviridae; unclassified Myoviridae,NC_029002,NA,NA,NA,1126,Microcystis aeruginosa,Bacteria; Terrabacteria group; Cyanobacteria/Melainabacteria group; Cyanobacteria; Oscillatoriophycideae; Chroococcales; Microcystaceae; Microcystis,NA,"NCBI Virus, RefSeq",NA,NA,1
NC_008367,Phormidium virus WMP4,40938,51.803,Podoviridae,Phormidium,freshwater,400567,Phormidium virus WMP4,Viruses; Duplodnaviria; Heunggongvirae; Uroviricota; Caudoviricetes; Caudovirales; Podoviridae,NC_008367,NA,NA,NA,1198,Phormidium,Bacteria; Terrabacteria group; Cyanobacteria/Melainabacteria group; Cyanobacteria; Oscillatoriophycideae; Oscillatoriales; Oscillatoriaceae,NA,"NCBI Virus, RefSeq",NA,NA,1
NC_009551,Phormidium virus WMP3,43249,46.48,Podoviridae,Phormidium,freshwater,440250,Phormidium virus WMP3,Viruses; Duplodnaviria; Heunggongvirae; Uroviricota; Caudoviricetes; Caudovirales; Podoviridae,NC_009551,NA,NA,NA,126344,Phormidium tenue,Bacteria; Terrabacteria group; Cyanobacteria/Melainabacteria group; Cyanobacteria; Oscillatoriophycideae; Oscillatoriales; Oscillatoriaceae; Phormidium,18443848,Literature,NA,NA,2
NC_006882,Prochlorococcus virus PSSP7,45176,38.824,Autographiviridae,Prochlorococcus,marine,268748,Prochlorococcus virus PSSP7,Viruses; Duplodnaviria; Heunggongvirae; Uroviricota; Caudoviricetes; Caudovirales; Autographiviridae; Tiamatvirus,NC_006882,NA,NA,NA,1218,Prochlorococcus,Bacteria; Terrabacteria group; Cyanobacteria/Melainabacteria group; Cyanobacteria; Synechococcales; Prochloraceae,NA,UniProt,NA,NA,1
NC_020845,Prochlorococcus phage MED4-213,180977,37.764,Myoviridae,Prochlorococcus,marine,889956,Prochlorococcus phage MED4-213,Viruses; Duplodnaviria; Heunggongvirae; Uroviricota; Caudoviricetes; Caudovirales; Myoviridae; Eurybiavirus; Prochlorococcus virus MED4-213,NC_020845,NA,NA,NA,1218,Prochlorococcus,Bacteria; Terrabacteria group; Cyanobacteria/Melainabacteria group; Cyanobacteria; Synechococcales; Prochloraceae,NA,RefSeq,NA,NA,1
NC_006883,Prochlorococcus phage P-SSM2,252401,35.506,Myoviridae,Prochlorococcus,marine,268746,Prochlorococcus phage P-SSM2,Viruses; Duplodnaviria; Heunggongvirae; Uroviricota; Caudoviricetes; Caudovirales; Myoviridae; Salacisavirus; Prochlorococcus virus PSSM2,NC_006883,NA,NA,NA,1218,Prochlorococcus,Bacteria; Terrabacteria group; Cyanobacteria/Melainabacteria group; Cyanobacteria; Synechococcales; Prochloraceae,NA,UniProt,NA,NA,2
NC_006884,Prochlorococcus phage P-SSM4,178249,36.744,Myoviridae,Prochlorococcus,marine,268747,Prochlorococcus phage P-SSM4,Viruses; Duplodnaviria; Heunggongvirae; Uroviricota; Caudoviricetes; Caudovirales; Myoviridae; unclassified Myoviridae,NC_006884,NA,NA,NA,1218,Prochlorococcus,Bacteria; Terrabacteria group; Cyanobacteria/Melainabacteria group; Cyanobacteria; Synechococcales; Prochloraceae,NA,UniProt,NA,NA,2
NC_028955,Prochlorococcus phage P-TIM68,197361,34.321,Myoviridae,Prochlorococcus,marine,1542477,Prochlorococcus phage P-TIM68,Viruses; Duplodnaviria; Heunggongvirae; Uroviricota; Caudoviricetes; Caudovirales; Myoviridae; unclassified Myoviridae,NC_028955,NA,NA,NA,1218,Prochlorococcus,Bacteria; Terrabacteria group; Cyanobacteria/Melainabacteria group; Cyanobacteria; Synechococcales; Prochloraceae,NA,NCBI Virus,NA,NA,2
NC_020874,Prochlorococcus phage P-SSP3,46198,37.941,Autographiviridae,Prochlorococcus,marine,382273,Prochlorococcus phage P-SSP3,Viruses; Duplodnaviria; Heunggongvirae; Uroviricota; Caudoviricetes; Caudovirales; Autographiviridae; Tritonvirus; Prochlorococcus virus PSSP3,NC_020874,NA,NA,NA,1219,Prochlorococcus marinus,Bacteria; Terrabacteria group; Cyanobacteria/Melainabacteria group; Cyanobacteria; Synechococcales; Prochloraceae; Prochlorococcus,NA,RefSeq,NA,NA,1
HQ634152,Prochlorococcus phage P-SSP6,47039,39.187,Autographiviridae,Prochlorococcus,marine,382275,Prochlorococcus phage P-SSP6,Viruses; Duplodnaviria; Heunggongvirae; Uroviricota; Caudoviricetes; Caudovirales; Autographiviridae; unclassified Autographiviridae,HQ634152,NA,NA,NA,1219,Prochlorococcus marinus,Bacteria; Terrabacteria group; Cyanobacteria/Melainabacteria group; Cyanobacteria; Synechococcales; Prochloraceae; Prochlorococcus,NA,"NCBI Virus, RefSeq",NA,NA,1
HQ632825,Prochlorococcus phage P-SSM5,252013,35.525,Myoviridae,Prochlorococcus,marine,536454,Prochlorococcus phage P-SSM5,Viruses; Duplodnaviria; Heunggongvirae; Uroviricota; Caudoviricetes; Caudovirales; Myoviridae; Salacisavirus; unclassified Salacisavirus,HQ632825,NA,NA,NA,1219,Prochlorococcus marinus,Bacteria; Terrabacteria group; Cyanobacteria/Melainabacteria group; Cyanobacteria; Synechococcales; Prochloraceae; Prochlorococcus,NA,RefSeq,NA,NA,1
NC_021071,Cyanophage P-RSM1,177211,40.194,Myoviridae,Prochlorococcus,marine,536444,Cyanophage P-RSM1,Viruses; Duplodnaviria; Heunggongvirae; Uroviricota; Caudoviricetes; Caudovirales; Myoviridae; unclassified Myoviridae,NC_021071,NA,NA,NA,59922,Prochlorococcus marinus str. MIT 9303,Bacteria; Terrabacteria group; Cyanobacteria/Melainabacteria group; Cyanobacteria; Synechococcales; Prochloraceae; Prochlorococcus; Prochlorococcus marinus,NA,NA,NA,NA,1
NC_015283,Prochlorococcus phage P-RSM4,176428,37.644,Myoviridae,Prochlorococcus,marine,444862,Prochlorococcus phage P-RSM4,Viruses; Duplodnaviria; Heunggongvirae; Uroviricota; Caudoviricetes; Caudovirales; Myoviridae; Thaumasvirus; unclassified Thaumasvirus,NC_015283,NA,NA,NA,59922,Prochlorococcus marinus str. MIT 9303,Bacteria; Terrabacteria group; Cyanobacteria/Melainabacteria group; Cyanobacteria; Synechococcales; Prochloraceae; Prochlorococcus; Prochlorococcus marinus,NA,"NCBI Virus, RefSeq",NA,NA,1
NC_016657,Cyanophage 9515-10a,47055,39.197,Autographiviridae,Prochlorococcus,marine,444875,Cyanophage 9515-10a,Viruses; Duplodnaviria; Heunggongvirae; Uroviricota; Caudoviricetes; Caudovirales; Autographiviridae; Tangaroavirus; Prochlorococcus virus 951510a,NC_016657,NA,NA,NA,167542,Prochlorococcus marinus str. MIT 9515,Bacteria; Terrabacteria group; Cyanobacteria/Melainabacteria group; Cyanobacteria; Synechococcales; Prochloraceae; Prochlorococcus; Prochlorococcus marinus,NA,NA,NA,NA,1
NC_016658,Cyanophage NATL1A-7,47741,38.732,Autographiviridae,Prochlorococcus,marine,445693,Cyanophage NATL1A-7,Viruses; Duplodnaviria; Heunggongvirae; Uroviricota; Caudoviricetes; Caudovirales; Autographiviridae; Cheungvirus; Prochlorococcus virus NATL1A7,NC_016658,NA,NA,NA,167555,Prochlorococcus marinus str. NATL1A,Bacteria; Terrabacteria group; Cyanobacteria/Melainabacteria group; Cyanobacteria; Synechococcales; Prochloraceae; Prochlorococcus; Prochlorococcus marinus,NA,NA,NA,NA,1
NC_006883,Prochlorococcus phage P-SSM2,252401,35.506,Myoviridae,Prochlorococcus,marine,268746,Prochlorococcus phage P-SSM2,Viruses; Duplodnaviria; Heunggongvirae; Uroviricota; Caudoviricetes; Caudovirales; Myoviridae; Salacisavirus; Prochlorococcus virus PSSM2,NC_006883,NA,NA,NA,167555,Prochlorococcus marinus str. NATL1A,Bacteria; Terrabacteria group; Cyanobacteria/Melainabacteria group; Cyanobacteria; Synechococcales; Prochloraceae; Prochlorococcus; Prochlorococcus marinus,NA,NA,NA,NA,2
NC_015290,Prochlorococcus phage P-SSM7,182180,37.086,Myoviridae,Prochlorococcus,marine,445688,Prochlorococcus phage P-SSM7,Viruses; Duplodnaviria; Heunggongvirae; Uroviricota; Caudoviricetes; Caudovirales; Myoviridae; Palaemonvirus; Prochlorococcus virus PSSM7,NC_015290,NA,NA,NA,167555,Prochlorococcus marinus str. NATL1A,Bacteria; Terrabacteria group; Cyanobacteria/Melainabacteria group; Cyanobacteria; Synechococcales; Prochloraceae; Prochlorococcus; Prochlorococcus marinus,NA,NA,NA,NA,1
NC_016659,Cyanophage NATL2A-133,47536,39.871,Autographiviridae,Prochlorococcus,marine,445692,Cyanophage NATL2A-133,Viruses; Duplodnaviria; Heunggongvirae; Uroviricota; Caudoviricetes; Caudovirales; Autographiviridae; Tangaroavirus; Prochlorococcus virus NATL2A133,NC_016659,NA,NA,NA,59920,Prochlorococcus marinus str. NATL2A,Bacteria; Terrabacteria group; Cyanobacteria/Melainabacteria group; Cyanobacteria; Synechococcales; Prochloraceae; Prochlorococcus; Prochlorococcus marinus,NA,RefSeq,NA,NA,1
NC_020835,Prochlorococcus phage P-SSP10,47325,39.231,Autographiviridae,Prochlorococcus,marine,885867,Prochlorococcus phage P-SSP10,Viruses; Duplodnaviria; Heunggongvirae; Uroviricota; Caudoviricetes; Caudovirales; Autographiviridae; Tangaroavirus; Prochlorococcus virus PSSP10,NC_020835,NA,NA,NA,59920,Prochlorococcus marinus str. NATL2A,Bacteria; Terrabacteria group; Cyanobacteria/Melainabacteria group; Cyanobacteria; Synechococcales; Prochloraceae; Prochlorococcus; Prochlorococcus marinus,NA,NA,NA,NA,1
HQ634176,Cyanophage P-RSM3,178750,36.747,Myoviridae,Prochlorococcus,marine,536446,Cyanophage P-RSM3,Viruses; Duplodnaviria; Heunggongvirae; Uroviricota; Caudoviricetes; Caudovirales; Myoviridae; unclassified Myoviridae,HQ634176,NA,NA,NA,59920,Prochlorococcus marinus str. NATL2A,Bacteria; Terrabacteria group; Cyanobacteria/Melainabacteria group; Cyanobacteria; Synechococcales; Prochloraceae; Prochlorococcus; Prochlorococcus marinus,NA,NA,NA,NA,1
NC_020855,Cyanophage P-RSM6,192497,39.316,Myoviridae,Prochlorococcus,marine,929832,Cyanophage P-RSM6,Viruses; Duplodnaviria; Heunggongvirae; Uroviricota; Caudoviricetes; Caudovirales; Myoviridae; Libanvirus; unclassified Libanvirus,NC_020855,NA,NA,NA,59920,Prochlorococcus marinus str. NATL2A,Bacteria; Terrabacteria group; Cyanobacteria/Melainabacteria group; Cyanobacteria; Synechococcales; Prochloraceae; Prochlorococcus; Prochlorococcus marinus,NA,NA,NA,NA,1
NC_028663,Cyanophage P-TIM40,188632,40.717,Myoviridae,Prochlorococcus,marine,1589733,Cyanophage P-TIM40,Viruses; Duplodnaviria; Heunggongvirae; Uroviricota; Caudoviricetes; Caudovirales; Myoviridae; Libanvirus; Prochlorococcus virus PTIM40,NC_028663,NA,NA,NA,59920,Prochlorococcus marinus str. NATL2A,Bacteria; Terrabacteria group; Cyanobacteria/Melainabacteria group; Cyanobacteria; Synechococcales; Prochloraceae; Prochlorococcus; Prochlorococcus marinus,NA,RefSeq,NA,NA,1
NC_021559,Prochlorococcus phage P-SSM3,179063,36.731,Myoviridae,Prochlorococcus,marine,536453,Prochlorococcus phage P-SSM3,Viruses; Duplodnaviria; Heunggongvirae; Uroviricota; Caudoviricetes; Caudovirales; Myoviridae; unclassified Myoviridae,NC_021559,NA,NA,NA,59920,Prochlorococcus marinus str. NATL2A,Bacteria; Terrabacteria group; Cyanobacteria/Melainabacteria group; Cyanobacteria; Synechococcales; Prochloraceae; Prochlorococcus; Prochlorococcus marinus,NA,NA,NA,NA,1
NC_006884,Prochlorococcus phage P-SSM4,178249,36.744,Myoviridae,Prochlorococcus,marine,268747,Prochlorococcus phage P-SSM4,Viruses; Duplodnaviria; Heunggongvirae; Uroviricota; Caudoviricetes; Caudovirales; Myoviridae; unclassified Myoviridae,NC_006884,NA,NA,NA,59920,Prochlorococcus marinus str. NATL2A,Bacteria; Terrabacteria group; Cyanobacteria/Melainabacteria group; Cyanobacteria; Synechococcales; Prochloraceae; Prochlorococcus; Prochlorococcus marinus,NA,"NCBI Virus, RefSeq",NA,NA,2
NC_020872,Cyanophage SS120-1,46997,40.492,Autographiviridae,Prochlorococcus,marine,616674,Cyanophage SS120-1,Viruses; Duplodnaviria; Heunggongvirae; Uroviricota; Caudoviricetes; Caudovirales; Autographiviridae; Banchanvirus; Prochlorococcus virus SS120-1,NC_020872,NA,NA,NA,167539,Prochlorococcus marinus subsp. marinus str. CCMP1375,Bacteria; Terrabacteria group; Cyanobacteria/Melainabacteria group; Cyanobacteria; Synechococcales; Prochloraceae; Prochlorococcus; Prochlorococcus marinus; Prochlorococcus marinus subsp. marinus,NA,RefSeq,NA,NA,1
NC_020878,Prochlorococcus phage P-GSP1,44945,39.551,Autographiviridae,Prochlorococcus,marine,382262,Prochlorococcus phage P-GSP1,Viruses; Duplodnaviria; Heunggongvirae; Uroviricota; Caudoviricetes; Caudovirales; Autographiviridae; Lingvirus; Prochlorococcus virus PGSP1,NC_020878,NA,NA,NA,59919,Prochlorococcus marinus subsp. pastoris str. CCMP1986,Bacteria; Terrabacteria group; Cyanobacteria/Melainabacteria group; Cyanobacteria; Synechococcales; Prochloraceae; Prochlorococcus; Prochlorococcus marinus; Prochlorococcus marinus subsp. pastoris,NA,RefSeq,NA,NA,1
NC_015280,Prochlorococcus phage P-HM1,181044,37.849,Myoviridae,Prochlorococcus,marine,445700,Prochlorococcus phage P-HM1,Viruses; Duplodnaviria; Heunggongvirae; Uroviricota; Caudoviricetes; Caudovirales; Myoviridae; Eurybiavirus; unclassified Eurybiavirus,NC_015280,NA,NA,NA,59919,Prochlorococcus marinus subsp. pastoris str. CCMP1986,Bacteria; Terrabacteria group; Cyanobacteria/Melainabacteria group; Cyanobacteria; Synechococcales; Prochloraceae; Prochlorococcus; Prochlorococcus marinus; Prochlorococcus marinus subsp. pastoris,NA,"NCBI Virus, RefSeq",NA,NA,1
NC_015284,Prochlorococcus phage P-HM2,183806,38.115,Myoviridae,Prochlorococcus,marine,445696,Prochlorococcus phage P-HM2,Viruses; Duplodnaviria; Heunggongvirae; Uroviricota; Caudoviricetes; Caudovirales; Myoviridae; Eurybiavirus; unclassified Eurybiavirus,NC_015284,NA,NA,NA,59919,Prochlorococcus marinus subsp. pastoris str. CCMP1986,Bacteria; Terrabacteria group; Cyanobacteria/Melainabacteria group; Cyanobacteria; Synechococcales; Prochloraceae; Prochlorococcus; Prochlorococcus marinus; Prochlorococcus marinus subsp. pastoris,NA,"NCBI Virus, RefSeq",NA,NA,1
NC_028955,Prochlorococcus phage P-TIM68,197361,34.321,Myoviridae,Prochlorococcus,marine,1542477,Prochlorococcus phage P-TIM68,Viruses; Duplodnaviria; Heunggongvirae; Uroviricota; Caudoviricetes; Caudovirales; Myoviridae; unclassified Myoviridae,NC_028955,NA,NA,NA,1220,Prochlorococcus sp.,Bacteria; Terrabacteria group; Cyanobacteria/Melainabacteria group; Cyanobacteria; Synechococcales; Prochloraceae; Prochlorococcus,NA,RefSeq,NA,NA,2
NC_015569,Synechococcus phage S-CRM01,178563,39.745,Myoviridae,Synechococcus,freshwater,1026955,Synechococcus phage S-CRM01,Viruses; Duplodnaviria; Heunggongvirae; Uroviricota; Caudoviricetes; Caudovirales; Myoviridae; unclassified Myoviridae,NC_015569,NA,NA,NA,1129,Synechococcus,Bacteria; Terrabacteria group; Cyanobacteria/Melainabacteria group; Cyanobacteria; Synechococcales; Synechococcaceae,NA,NCBI Virus,NA,NA,2
NC_047717,Cyanophage S-RIM12,175559,39.519,Myoviridae,Synechococcus,marine,1278402,Cyanophage S-RIM12,Viruses; Duplodnaviria; Heunggongvirae; Uroviricota; Caudoviricetes; Caudovirales; Myoviridae; Brizovirus; unclassified Brizovirus,"NC_047715, NC_047716, NC_047717",NA,NA,NA,1129,Synechococcus,Bacteria; Terrabacteria group; Cyanobacteria/Melainabacteria group; Cyanobacteria; Synechococcales; Synechococcaceae,NA,"NCBI Virus, RefSeq",NA,NA,1
NC_047734,Cyanophage S-RIM44,197450,40.367,Myoviridae,Synechococcus,marine,1278485,Cyanophage S-RIM44,Viruses; Duplodnaviria; Heunggongvirae; Uroviricota; Caudoviricetes; Caudovirales; Myoviridae; Vellamovirus; Synechococcus virus SRIM44,NC_047734,NA,NA,NA,1129,Synechococcus,Bacteria; Terrabacteria group; Cyanobacteria/Melainabacteria group; Cyanobacteria; Synechococcales; Synechococcaceae,NA,RefSeq,NA,NA,1
KJ019026,Synechococcus phage ACG-2014a,171282,39.36,Myoviridae,Synechococcus,marine,1493507,Synechococcus phage ACG-2014a,Viruses; Duplodnaviria; Heunggongvirae; Uroviricota; Caudoviricetes; Caudovirales; Myoviridae; Acionnavirus; unclassified Acionnavirus,"KJ019026, KJ019030, KJ019033, KJ019038, KJ019039, KJ019055, KJ019065, KJ019067, KJ019068, KJ019076, KJ019081, KJ019084, KJ019087, KJ019088, KJ019114, KJ019116, KJ019122, KJ019135, KJ019137, KJ019138, KJ019153, KJ019157, KJ019158, KJ019163",NA,NA,NA,1129,Synechococcus,Bacteria; Terrabacteria group; Cyanobacteria/Melainabacteria group; Cyanobacteria; Synechococcales; Synechococcaceae,NA,NCBI Virus,NA,NA,1
NC_047719,Synechococcus phage ACG-2014b,172874,39.112,Myoviridae,Synechococcus,marine,1493508,Synechococcus phage ACG-2014b,Viruses; Duplodnaviria; Heunggongvirae; Uroviricota; Caudoviricetes; Caudovirales; Myoviridae; Nereusvirus; Synechococcus virus ACG2014bSyn7803C61,"NC_047718, NC_047719",NA,NA,NA,1129,Synechococcus,Bacteria; Terrabacteria group; Cyanobacteria/Melainabacteria group; Cyanobacteria; Synechococcales; Synechococcaceae,NA,NA,NA,NA,2
NC_047714,Synechococcus phage ACG-2014f,196842,41.536,Myoviridae,Synechococcus,marine,1493511,Synechococcus phage ACG-2014f,Viruses; Duplodnaviria; Heunggongvirae; Uroviricota; Caudoviricetes; Caudovirales; Myoviridae; Atlauavirus; Synechococcus virus AC2014fSyn7803C8,"NC_047712, NC_047713, NC_047714",NA,NA,NA,1129,Synechococcus,Bacteria; Terrabacteria group; Cyanobacteria/Melainabacteria group; Cyanobacteria; Synechococcales; Synechococcaceae,NA,NA,NA,NA,2
NC_047838,Synechococcus phage Bellamy,204930,41.105,Myoviridae,Synechococcus,marine,2023996,Synechococcus phage Bellamy,Viruses; Duplodnaviria; Heunggongvirae; Uroviricota; Caudoviricetes; Caudovirales; Myoviridae; Bellamyvirus; Synechococcus virus Bellamy,NC_047838,NA,NA,NA,1129,Synechococcus,Bacteria; Terrabacteria group; Cyanobacteria/Melainabacteria group; Cyanobacteria; Synechococcales; Synechococcaceae,NA,RefSeq,NA,NA,1
NC_019443,Synechococcus phage metaG-MbCM1,172879,39.762,Myoviridae,Synechococcus,marine,1079999,Synechococcus phage metaG-MbCM1,Viruses; Duplodnaviria; Heunggongvirae; Uroviricota; Caudoviricetes; Caudovirales; Myoviridae; unclassified Myoviridae,NC_019443,NA,NA,NA,1129,Synechococcus,Bacteria; Terrabacteria group; Cyanobacteria/Melainabacteria group; Cyanobacteria; Synechococcales; Synechococcaceae,NA,NCBI Virus,NA,NA,1
NC_006820,Synechococcus phage S-PM2,196280,37.82,Myoviridae,Synechococcus,marine,238854,Synechococcus phage S-PM2,Viruses; Duplodnaviria; Heunggongvirae; Uroviricota; Caudoviricetes; Caudovirales; Myoviridae; unclassified Myoviridae,NC_006820,NA,NA,NA,1129,Synechococcus,Bacteria; Terrabacteria group; Cyanobacteria/Melainabacteria group; Cyanobacteria; Synechococcales; Synechococcaceae,NA,"NCBI Virus, UniProt",NA,NA,2
NC_047733,Synechococcus phage S-RIM8,171216,40.63,Myoviridae,Synechococcus,marine,756278,Synechococcus phage S-RIM8,Viruses; Duplodnaviria; Heunggongvirae; Uroviricota; Caudoviricetes; Caudovirales; Myoviridae; Neptunevirus; Synechococcus virus SRIM8,NC_047733,NA,NA,NA,1129,Synechococcus,Bacteria; Terrabacteria group; Cyanobacteria/Melainabacteria group; Cyanobacteria; Synechococcales; Synechococcaceae,NA,RefSeq,NA,NA,1
NC_008296,Synechococcus phage syn9,177300,40.634,Myoviridae,Synechococcus,marine,382359,Synechococcus phage syn9,Viruses; Duplodnaviria; Heunggongvirae; Uroviricota; Caudoviricetes; Caudovirales; Myoviridae; unclassified Myoviridae,NC_008296,NA,NA,NA,1129,Synechococcus,Bacteria; Terrabacteria group; Cyanobacteria/Melainabacteria group; Cyanobacteria; Synechococcales; Synechococcaceae,NA,UniProt,NA,NA,2
NC_015569,Synechococcus phage S-CRM01,178563,39.745,Myoviridae,Synechococcus,freshwater,1026955,Synechococcus phage S-CRM01,Viruses; Duplodnaviria; Heunggongvirae; Uroviricota; Caudoviricetes; Caudovirales; Myoviridae; unclassified Myoviridae,NC_015569,NA,NA,NA,1131,Synechococcus sp.,Bacteria; Terrabacteria group; Cyanobacteria/Melainabacteria group; Cyanobacteria; Synechococcales; Synechococcaceae; Synechococcus,NA,RefSeq,NA,NA,2
NC_048171,Synechococcus phage S-B28,45424,42.059,Autographiviridae,Synechococcus,marine,2545435,Synechococcus phage S-B28,Viruses; Duplodnaviria; Heunggongvirae; Uroviricota; Caudoviricetes; Caudovirales; Autographiviridae; Qadamvirus; Synechococcus virus SB28,NC_048171,NA,NA,NA,1131,Synechococcus sp.,Bacteria; Terrabacteria group; Cyanobacteria/Melainabacteria group; Cyanobacteria; Synechococcales; Synechococcaceae; Synechococcus,NA,RefSeq,NA,NA,1
NC_020867,Synechococcus phage S-RIP1,44892,42.93,Autographiviridae,Synechococcus,marine,754041,Synechococcus phage S-RIP1,Viruses; Duplodnaviria; Heunggongvirae; Uroviricota; Caudoviricetes; Caudovirales; Autographiviridae; Kajamvirus; Synechococcus virus SRIP1,NC_020867,NA,NA,NA,1131,Synechococcus sp.,Bacteria; Terrabacteria group; Cyanobacteria/Melainabacteria group; Cyanobacteria; Synechococcales; Synechococcaceae; Synechococcus,NA,RefSeq,NA,NA,1
NC_015288,Prochlorococcus phage Syn1,191195,40.617,Myoviridae,Prochlorococcus,marine,444861,Prochlorococcus phage Syn1,Viruses; Duplodnaviria; Heunggongvirae; Uroviricota; Caudoviricetes; Caudovirales; Myoviridae; Vellamovirus; Prochlorococcus virus Syn1,NC_015288,NA,NA,NA,1131,Synechococcus sp.,Bacteria; Terrabacteria group; Cyanobacteria/Melainabacteria group; Cyanobacteria; Synechococcales; Synechococcaceae; Synechococcus,NA,RefSeq,NA,NA,1
NC_031235,Cyanophage S-RIM32,194437,39.868,Myoviridae,Synechococcus,marine,1278479,Cyanophage S-RIM32,Viruses; Duplodnaviria; Heunggongvirae; Uroviricota; Caudoviricetes; Caudovirales; Myoviridae; unclassified Myoviridae,NC_031235,NA,NA,NA,1131,Synechococcus sp.,Bacteria; Terrabacteria group; Cyanobacteria/Melainabacteria group; Cyanobacteria; Synechococcales; Synechococcaceae; Synechococcus,NA,"NCBI Virus, RefSeq",NA,NA,1
NC_031242,Cyanophage S-RIM50,174307,40.281,Myoviridae,Synechococcus,marine,687803,Cyanophage S-RIM50,Viruses; Duplodnaviria; Heunggongvirae; Uroviricota; Caudoviricetes; Caudovirales; Myoviridae; Neptunevirus; Synechococcus virus SRIM50,NC_031242,NA,NA,NA,1131,Synechococcus sp.,Bacteria; Terrabacteria group; Cyanobacteria/Melainabacteria group; Cyanobacteria; Synechococcales; Synechococcaceae; Synechococcus,NA,RefSeq,NA,NA,1
NC_031903,Synechococcus phage S-CAM22,172345,39.913,Myoviridae,Synechococcus,marine,1883365,Synechococcus phage S-CAM22,Viruses; Duplodnaviria; Heunggongvirae; Uroviricota; Caudoviricetes; Caudovirales; Myoviridae; unclassified Myoviridae,NC_031903,NA,NA,NA,1131,Synechococcus sp.,Bacteria; Terrabacteria group; Cyanobacteria/Melainabacteria group; Cyanobacteria; Synechococcales; Synechococcaceae; Synechococcus,NA,"NCBI Virus, RefSeq",NA,NA,1
NC_031906,Synechococcus phage S-CAM3,198190,41.558,Myoviridae,Synechococcus,marine,1883366,Synechococcus phage S-CAM3,Viruses; Duplodnaviria; Heunggongvirae; Uroviricota; Caudoviricetes; Caudovirales; Myoviridae; Charybdisvirus; Synechococcus virus SCAM3,NC_031906,NA,NA,NA,1131,Synechococcus sp.,Bacteria; Terrabacteria group; Cyanobacteria/Melainabacteria group; Cyanobacteria; Synechococcales; Synechococcaceae; Synechococcus,NA,RefSeq,NA,NA,1
NC_031900,Synechococcus phage S-CAM4,191983,38.583,Myoviridae,Synechococcu,marine,1883367,Synechococcus phage S-CAM4,Viruses; Duplodnaviria; Heunggongvirae; Uroviricota; Caudoviricetes; Caudovirales; Myoviridae; unclassified Myoviridae,NC_031900,NA,NA,NA,1131,Synechococcus sp.,Bacteria; Terrabacteria group; Cyanobacteria/Melainabacteria group; Cyanobacteria; Synechococcales; Synechococcaceae; Synechococcus,NA,"NCBI Virus, RefSeq",NA,NA,1
NC_031927,Synechococcus phage S-CAM7,216121,41.18,Myoviridae,Synechococcus,marine,1883368,Synechococcus phage S-CAM7,Viruses; Duplodnaviria; Heunggongvirae; Uroviricota; Caudoviricetes; Caudovirales; Myoviridae; unclassified Myoviridae,NC_031927,NA,NA,NA,1131,Synechococcus sp.,Bacteria; Terrabacteria group; Cyanobacteria/Melainabacteria group; Cyanobacteria; Synechococcales; Synechococcaceae; Synechococcus,NA,"NCBI Virus, RefSeq",NA,NA,1
NC_031922,Synechococcus phage S-CAM9,174830,39.046,Myoviridae,Synechococcus,marine,1883369,Synechococcus phage S-CAM9,Viruses; Duplodnaviria; Heunggongvirae; Uroviricota; Caudoviricetes; Caudovirales; Myoviridae; Kanaloavirus; Synechococcus virus SCAM9,NC_031922,NA,NA,NA,1131,Synechococcus sp.,Bacteria; Terrabacteria group; Cyanobacteria/Melainabacteria group; Cyanobacteria; Synechococcales; Synechococcaceae; Synechococcus,NA,RefSeq,NA,NA,1
NC_031944,Synechococcus phage S-WAM1,185102,44.659,Myoviridae,Synechococcus,marine,1815521,Synechococcus phage S-WAM1,Viruses; Duplodnaviria; Heunggongvirae; Uroviricota; Caudoviricetes; Caudovirales; Myoviridae; Libanvirus; unclassified Libanvirus,NC_031944,NA,NA,NA,1131,Synechococcus sp.,Bacteria; Terrabacteria group; Cyanobacteria/Melainabacteria group; Cyanobacteria; Synechococcales; Synechococcaceae; Synechococcus,NA,"NCBI Virus, RefSeq",NA,NA,1
NC_031935,Synechococcus phage S-WAM2,186386,41.321,Myoviridae,Synechococcus,marine,1815522,Synechococcus phage S-WAM2,Viruses; Duplodnaviria; Heunggongvirae; Uroviricota; Caudoviricetes; Caudovirales; Myoviridae; Cymopoleiavirus; Synechococcus virus SWAM2,NC_031935,NA,NA,NA,1131,Synechococcus sp.,Bacteria; Terrabacteria group; Cyanobacteria/Melainabacteria group; Cyanobacteria; Synechococcales; Synechococcaceae; Synechococcus,NA,RefSeq,NA,NA,1
NC_025456,Synechococcus phage S-CBP1,46547,47.578,Autographiviridae,Synechococcus,marine,1273711,Synechococcus phage S-CBP1,Viruses; Duplodnaviria; Heunggongvirae; Uroviricota; Caudoviricetes; Caudovirales; Autographiviridae; unclassified Autographiviridae,NC_025456,NA,NA,NA,232348,Synechococcus sp. CB0101,Bacteria; Terrabacteria group; Cyanobacteria/Melainabacteria group; Cyanobacteria; Synechococcales; Synechococcaceae; Synechococcus,NA,"NCBI Virus, RefSeq",NA,NA,1
NC_025461,Synechococcus phage S-CBP3,45871,46.949,Autographiviridae,Synechococcus,marine,756276,Synechococcus phage S-CBP3,Viruses; Duplodnaviria; Heunggongvirae; Uroviricota; Caudoviricetes; Caudovirales; Autographiviridae; Lirvirus; Synechococcus virus SCBP3,"NC_025461, NC_048184",NA,NA,NA,232348,Synechococcus sp. CB0101,Bacteria; Terrabacteria group; Cyanobacteria/Melainabacteria group; Cyanobacteria; Synechococcales; Synechococcaceae; Synechococcus,NA,RefSeq,NA,NA,1
NC_048183,Synechococcus phage S-CBP4,41824,44.293,Autographiviridae,Synechococcus,marine,754059,Synechococcus phage S-CBP4,Viruses; Duplodnaviria; Heunggongvirae; Uroviricota; Caudoviricetes; Caudovirales; Autographiviridae; Poseidonvirus; Synechococcus virus SCBP4,"NC_025464, NC_048183",NA,NA,NA,232348,Synechococcus sp. CB0101,Bacteria; Terrabacteria group; Cyanobacteria/Melainabacteria group; Cyanobacteria; Synechococcales; Synechococcaceae; Synechococcus,NA,RefSeq,NA,NA,1
NC_025455,Synechococcus phage S-CBP2,46237,55.034,Autographiviridae,Synechococcus,marine,756277,Synechococcus phage S-CBP2,Viruses; Duplodnaviria; Heunggongvirae; Uroviricota; Caudoviricetes; Caudovirales; Autographiviridae; Kembevirus; Synechococcus virus SCBP2,NC_025455,NA,NA,NA,255252,Synechococcus sp. CB0208,Bacteria; Terrabacteria group; Cyanobacteria/Melainabacteria group; Cyanobacteria; Synechococcales; Synechococcaceae; Synechococcus,NA,RefSeq,NA,NA,1
NC_048106,Synechococcus phage S-CBWM1,139069,51.623,Myoviridae,Synechococcus,marine,2053653,Synechococcus phage S-CBWM1,Viruses; Duplodnaviria; Heunggongvirae; Uroviricota; Caudoviricetes; Caudovirales; Myoviridae; Aokuangvirus; Synechococcus virus SCBWM1,NC_048106,NA,NA,NA,1353134,Synechococcus sp. CBW1002,Bacteria; Terrabacteria group; Cyanobacteria/Melainabacteria group; Cyanobacteria; Synechococcales; Synechococcaceae; Synechococcus,NA,RefSeq,NA,NA,1
NC_015282,Synechococcus phage S-SM1,174079,41.138,Myoviridae,Synechococcus,marine,444859,Synechococcus phage S-SM1,Viruses; Duplodnaviria; Heunggongvirae; Uroviricota; Caudoviricetes; Caudovirales; Myoviridae; Thetisvirus; Synechococcus virus SSM1,NC_015282,NA,NA,NA,166310,Synechococcus sp. WH 6501,Bacteria; Terrabacteria group; Cyanobacteria/Melainabacteria group; Cyanobacteria; Synechococcales; Synechococcaceae; Synechococcus,NA,RefSeq,NA,NA,1
NC_020865,Cyanophage KBS-P-1A,45730,47.354,Autographiviridae,Synechococcus,marine,889951,Cyanophage KBS-P-1A,Viruses; Duplodnaviria; Heunggongvirae; Uroviricota; Caudoviricetes; Caudovirales; Autographiviridae; unclassified Autographiviridae,NC_020865,NA,NA,NA,32051,Synechococcus sp. WH 7803,Bacteria; Terrabacteria group; Cyanobacteria/Melainabacteria group; Cyanobacteria; Synechococcales; Synechococcaceae; Synechococcus,NA,"NCBI Virus, RefSeq",NA,NA,1
NC_029031,Synechococcus phage S-CBP42,45218,54.551,Autographiviridae,Synechococcus,marine,461711,Synechococcus phage S-CBP42,Viruses; Duplodnaviria; Heunggongvirae; Uroviricota; Caudoviricetes; Caudovirales; Autographiviridae; Aegirvirus; Synechococcus virus SCBP42,NC_029031,NA,NA,NA,32051,Synechococcus sp. WH 7803,Bacteria; Terrabacteria group; Cyanobacteria/Melainabacteria group; Cyanobacteria; Synechococcales; Synechococcaceae; Synechococcus,NA,RefSeq,NA,NA,1
NC_020838,Synechococcus phage S-RIP2,45728,47.343,Autographiviridae,Synechococcus,marine,754040,Synechococcus phage S-RIP2,Viruses; Duplodnaviria; Heunggongvirae; Uroviricota; Caudoviricetes; Caudovirales; Autographiviridae; Sednavirus; Synechococcus virus SRIP2,NC_020838,NA,NA,NA,32051,Synechococcus sp. WH 7803,Bacteria; Terrabacteria group; Cyanobacteria/Melainabacteria group; Cyanobacteria; Synechococcales; Synechococcaceae; Synechococcus,NA,RefSeq,NA,NA,1
NC_015285,Prochlorococcus phage Syn33,174285,39.57,Myoviridae,Prochlorococcus,marine,444878,Prochlorococcus phage Syn33,Viruses; Duplodnaviria; Heunggongvirae; Uroviricota; Caudoviricetes; Caudovirales; Myoviridae; Brizovirus; Prochlorococcus virus Syn33,NC_015285,NA,NA,NA,32051,Synechococcus sp. WH 7803,Bacteria; Terrabacteria group; Cyanobacteria/Melainabacteria group; Cyanobacteria; Synechococcales; Synechococcaceae; Synechococcus,NA,RefSeq,NA,NA,1
NC_047719,Synechococcus phage ACG-2014b,172874,39.112,Myoviridae,Synechococcus,marine,1493508,Synechococcus phage ACG-2014b,Viruses; Duplodnaviria; Heunggongvirae; Uroviricota; Caudoviricetes; Caudovirales; Myoviridae; Nereusvirus; Synechococcus virus ACG2014bSyn7803C61,NC_027130,NA,NA,NA,32051,Synechococcus sp. WH 7803,Bacteria; Terrabacteria group; Cyanobacteria/Melainabacteria group; Cyanobacteria; Synechococcales; Synechococcaceae; Synechococcus,NA,NA,NA,NA,2
NC_019444,Synechococcus phage ACG-2014c,176043,39.119,Myoviridae,Synechococcus,marine,1079998,Synechococcus phage ACG-2014c,Viruses; Duplodnaviria; Heunggongvirae; Uroviricota; Caudoviricetes; Caudovirales; Myoviridae; Acionnavirus; unclassified Acionnavirus,NC_019444,NA,NA,NA,32051,Synechococcus sp. WH 7803,Bacteria; Terrabacteria group; Cyanobacteria/Melainabacteria group; Cyanobacteria; Synechococcales; Synechococcaceae; Synechococcus,25043051,Literature,NA,NA,1
NC_026923,Synechococcus phage ACG-2014d,179110,40.265,Myoviridae,Synechococcus,marine,1493509,Synechococcus phage ACG-2014d,Viruses; Duplodnaviria; Heunggongvirae; Uroviricota; Caudoviricetes; Caudovirales; Myoviridae; unclassified Myoviridae,NC_026923,NA,NA,NA,32051,Synechococcus sp. WH 7803,Bacteria; Terrabacteria group; Cyanobacteria/Melainabacteria group; Cyanobacteria; Synechococcales; Synechococcaceae; Synechococcus,NA,NA,NA,NA,1
NC_026928,Synechococcus phage ACG-2014e,189418,38.938,Myoviridae,Synechococcus,marine,1493510,Synechococcus phage ACG-2014e,Viruses; Duplodnaviria; Heunggongvirae; Uroviricota; Caudoviricetes; Caudovirales; Myoviridae; unclassified Myoviridae,NC_026928,NA,NA,NA,32051,Synechococcus sp. WH 7803,Bacteria; Terrabacteria group; Cyanobacteria/Melainabacteria group; Cyanobacteria; Synechococcales; Synechococcaceae; Synechococcus,NA,NA,NA,NA,1
NC_047714,Synechococcus phage ACG-2014f,196842,41.536,Myoviridae,Synechococcus,marine,1493511,Synechococcus phage ACG-2014f,Viruses; Duplodnaviria; Heunggongvirae; Uroviricota; Caudoviricetes; Caudovirales; Myoviridae; Atlauavirus; Synechococcus virus AC2014fSyn7803C8,NC_026927,NA,NA,NA,32051,Synechococcus sp. WH 7803,Bacteria; Terrabacteria group; Cyanobacteria/Melainabacteria group; Cyanobacteria; Synechococcales; Synechococcaceae; Synechococcus,NA,NA,NA,NA,2
NC_026924,Synechococcus phage ACG-2014g,174885,39.258,Myoviridae,Synechococcus,marine,1493512,Synechococcus phage ACG-2014g,Viruses; Duplodnaviria; Heunggongvirae; Uroviricota; Caudoviricetes; Caudovirales; Myoviridae; Acionnavirus; unclassified Acionnavirus,NC_026924,NA,NA,NA,32051,Synechococcus sp. WH 7803,Bacteria; Terrabacteria group; Cyanobacteria/Melainabacteria group; Cyanobacteria; Synechococcales; Synechococcaceae; Synechococcus,NA,NA,NA,NA,1
NC_023587,Synechococcus phage ACG-2014h,189311,40.491,Myoviridae,Synechococcus,marine,1340810,Synechococcus phage ACG-2014h,Viruses; Duplodnaviria; Heunggongvirae; Uroviricota; Caudoviricetes; Caudovirales; Myoviridae; unclassified Myoviridae,NC_023587,NA,NA,NA,32051,Synechococcus sp. WH 7803,Bacteria; Terrabacteria group; Cyanobacteria/Melainabacteria group; Cyanobacteria; Synechococcales; Synechococcaceae; Synechococcus,NA,"NCBI Virus, RefSeq",NA,NA,1
NC_027132,Synechococcus phage ACG-2014i,190768,39.008,Myoviridae,Synechococcus,marine,1493513,Synechococcus phage ACG-2014i,Viruses; Duplodnaviria; Heunggongvirae; Uroviricota; Caudoviricetes; Caudovirales; Myoviridae; unclassified Myoviridae,NC_027132,NA,NA,NA,32051,Synechococcus sp. WH 7803,Bacteria; Terrabacteria group; Cyanobacteria/Melainabacteria group; Cyanobacteria; Synechococcales; Synechococcaceae; Synechococcus,NA,NA,NA,NA,1
NC_026926,Synechococcus phage ACG-2014j,192108,38.566,Myoviridae,Synechococcus,marine,1493514,Synechococcus phage ACG-2014j,Viruses; Duplodnaviria; Heunggongvirae; Uroviricota; Caudoviricetes; Caudovirales; Myoviridae; unclassified Myoviridae,NC_026926,NA,NA,NA,32051,Synechococcus sp. WH 7803,Bacteria; Terrabacteria group; Cyanobacteria/Melainabacteria group; Cyanobacteria; Synechococcales; Synechococcaceae; Synechococcus,NA,NA,NA,NA,1
JF974293,Synechococcus phage KBS-M-1A,171744,40.637,Myoviridae,Synechococcus,marine,889950,Synechococcus phage KBS-M-1A,Viruses; Duplodnaviria; Heunggongvirae; Uroviricota; Caudoviricetes; Caudovirales; Myoviridae; Neptunevirus; unclassified Neptunevirus,JF974293,NA,NA,NA,32051,Synechococcus sp. WH 7803,Bacteria; Terrabacteria group; Cyanobacteria/Melainabacteria group; Cyanobacteria; Synechococcales; Synechococcaceae; Synechococcus,NA,RefSeq,NA,NA,1
NC_020837,Synechococcus phage S-CAM1,198013,43.025,Myoviridae,Synechococcus,marine,754037,Synechococcus phage S-CAM1,Viruses; Duplodnaviria; Heunggongvirae; Uroviricota; Caudoviricetes; Caudovirales; Myoviridae; Anaposvirus; Synechococcus virus SCAM1,NC_020837,NA,NA,NA,32051,Synechococcus sp. WH 7803,Bacteria; Terrabacteria group; Cyanobacteria/Melainabacteria group; Cyanobacteria; Synechococcales; Synechococcaceae; Synechococcus,NA,RefSeq,NA,NA,1
NC_021530,Synechococcus phage S-CAM8,171407,39.333,Myoviridae,Synechococcus,marine,754038,Synechococcus phage S-CAM8,Viruses; Duplodnaviria; Heunggongvirae; Uroviricota; Caudoviricetes; Caudovirales; Myoviridae; Acionnavirus; unclassified Acionnavirus,NC_021530,NA,NA,NA,32051,Synechococcus sp. WH 7803,Bacteria; Terrabacteria group; Cyanobacteria/Melainabacteria group; Cyanobacteria; Synechococcales; Synechococcaceae; Synechococcus,NA,"NCBI Virus, RefSeq",NA,NA,1
NC_021536,Synechococcus phage S-IOM18,171797,40.572,Myoviridae,Synechococcus,marine,754039,Synechococcus phage S-IOM18,Viruses; Duplodnaviria; Heunggongvirae; Uroviricota; Caudoviricetes; Caudovirales; Myoviridae; Tefnutvirus; Synechococcus virus SIOM18,NC_021536,NA,NA,NA,32051,Synechococcus sp. WH 7803,Bacteria; Terrabacteria group; Cyanobacteria/Melainabacteria group; Cyanobacteria; Synechococcales; Synechococcaceae; Synechococcus,NA,RefSeq,NA,NA,1
NC_023584,Synechococcus phage S-MbCM100,170438,39.369,Myoviridae,Synechococcus,marine,1340812,Synechococcus phage S-MbCM100,Viruses; Duplodnaviria; Heunggongvirae; Uroviricota; Caudoviricetes; Caudovirales; Myoviridae; Acionnavirus; Synechococcus virus SMbCM100,NC_023584,NA,NA,NA,32051,Synechococcus sp. WH 7803,Bacteria; Terrabacteria group; Cyanobacteria/Melainabacteria group; Cyanobacteria; Synechococcales; Synechococcaceae; Synechococcus,NA,RefSeq,NA,NA,1
KF156339,Synechococcus phage S-MbCM25,176044,39.092,Myoviridae,Synechococcus,marine,1340811,Synechococcus phage S-MbCM25,Viruses; Duplodnaviria; Heunggongvirae; Uroviricota; Caudoviricetes; Caudovirales; Myoviridae; Acionnavirus; unclassified Acionnavirus,KF156339,NA,NA,NA,32051,Synechococcus sp. WH 7803,Bacteria; Terrabacteria group; Cyanobacteria/Melainabacteria group; Cyanobacteria; Synechococcales; Synechococcaceae; Synechococcus,NA,"NCBI Virus, RefSeq",NA,NA,1
NC_048102,Synechococcus phage S-P4,158485,39.946,Myoviridae,Synechococcus,marine,2484640,Synechococcus phage S-P4,Viruses; Duplodnaviria; Heunggongvirae; Uroviricota; Caudoviricetes; Caudovirales; Myoviridae; Leucotheavirus; Synechococcus virus SP4,NC_048102,NA,NA,NA,32051,Synechococcus sp. WH 7803,Bacteria; Terrabacteria group; Cyanobacteria/Melainabacteria group; Cyanobacteria; Synechococcales; Synechococcaceae; Synechococcus,NA,RefSeq,NA,NA,1
NC_006820,Synechococcus phage S-PM2,196280,37.82,Myoviridae,Synechococcus,marine,238854,Synechococcus phage S-PM2,Viruses; Duplodnaviria; Heunggongvirae; Uroviricota; Caudoviricetes; Caudovirales; Myoviridae; unclassified Myoviridae,NC_006820,NA,NA,NA,32051,Synechococcus sp. WH 7803,Bacteria; Terrabacteria group; Cyanobacteria/Melainabacteria group; Cyanobacteria; Synechococcales; Synechococcaceae; Synechococcus,NA,NA,NA,NA,2
NC_013085,Synechococcus phage S-RSM4,194454,41.12,Myoviridae,Synechococcus,marine,555387,Synechococcus phage S-RSM4,Viruses; Duplodnaviria; Heunggongvirae; Uroviricota; Caudoviricetes; Caudovirales; Myoviridae; Cymopoleiavirus; unclassified Cymopoleiavirus,NC_013085,NA,NA,NA,32051,Synechococcus sp. WH 7803,Bacteria; Terrabacteria group; Cyanobacteria/Melainabacteria group; Cyanobacteria; Synechococcales; Synechococcaceae; Synechococcus,19508343,Literature,NA,NA,1
NC_020851,Synechococcus phage S-SKS1,208007,36.027,Myoviridae,Synechococcus,marine,754042,Synechococcus phage S-SKS1,Viruses; Duplodnaviria; Heunggongvirae; Uroviricota; Caudoviricetes; Caudovirales; Myoviridae; Llyrvirus; Synechococcus virus SSKS1,NC_020851,NA,NA,NA,32051,Synechococcus sp. WH 7803,Bacteria; Terrabacteria group; Cyanobacteria/Melainabacteria group; Cyanobacteria; Synechococcales; Synechococcaceae; Synechococcus,NA,RefSeq,NA,NA,1
NC_048049,Synechococcus phage S-T4,181082,38.927,Myoviridae,Synechococcus,marine,2268578,Synechococcus phage S-T4,Viruses; Duplodnaviria; Heunggongvirae; Uroviricota; Caudoviricetes; Caudovirales; Myoviridae; Tamkungvirus; Synechococcus virus ST4,NC_048049,NA,NA,NA,32051,Synechococcus sp. WH 7803,Bacteria; Terrabacteria group; Cyanobacteria/Melainabacteria group; Cyanobacteria; Synechococcales; Synechococcaceae; Synechococcus,NA,RefSeq,NA,NA,1
NC_021072,Synechococcus phage Syn30,178807,39.948,Myoviridae,Synechococcus,marine,536474,Synechococcus phage Syn30,Viruses; Duplodnaviria; Heunggongvirae; Uroviricota; Caudoviricetes; Caudovirales; Myoviridae; Leucotheavirus; Synechococcus virus Syn30,NC_021072,NA,NA,NA,32051,Synechococcus sp. WH 7803,Bacteria; Terrabacteria group; Cyanobacteria/Melainabacteria group; Cyanobacteria; Synechococcales; Synechococcaceae; Synechococcus,NA,RefSeq,NA,NA,1
NC_003390,Synechococcus virus P60,46675,53.285,Autographiviridae,Synechococcus,marine,151528,Synechococcus virus P60,Viruses; Duplodnaviria; Heunggongvirae; Uroviricota; Caudoviricetes; Caudovirales; Autographiviridae; Tiilvirus,NC_003390,NA,NA,NA,59931,Synechococcus sp. WH 7805,Bacteria; Terrabacteria group; Cyanobacteria/Melainabacteria group; Cyanobacteria; Synechococcales; Synechococcaceae; Synechococcus,NA,"NCBI Virus, RefSeq",NA,NA,1
HQ634190,Cyanophage Syn2,175596,41.271,Myoviridae,Synechococcus,marine,536473,Cyanophage Syn2,Viruses; Duplodnaviria; Heunggongvirae; Uroviricota; Caudoviricetes; Caudovirales; Myoviridae; Pontusvirus; unclassified Pontusvirus,HQ634190,NA,NA,NA,166313,Synechococcus sp. WH 8012,Bacteria; Terrabacteria group; Cyanobacteria/Melainabacteria group; Cyanobacteria; Synechococcales; Synechococcaceae; Synechococcus,NA,RefSeq,NA,NA,1
NC_008296,Synechococcus phage syn9,177300,40.634,Myoviridae,Synechococcus,marine,382359,Synechococcus phage syn9,Viruses; Duplodnaviria; Heunggongvirae; Uroviricota; Caudoviricetes; Caudovirales; Myoviridae; unclassified Myoviridae,NC_008296,NA,NA,NA,166313,Synechococcus sp. WH 8012,Bacteria; Terrabacteria group; Cyanobacteria/Melainabacteria group; Cyanobacteria; Synechococcales; Synechococcaceae; Synechococcus,NA,"NCBI Virus, RefSeq",NA,NA,2
NC_016656,Cyanophage P-SSP2,45890,37.932,Autographiviridae,Prochlorococcus,marine,444876,Cyanophage P-SSP2,Viruses; Duplodnaviria; Heunggongvirae; Uroviricota; Caudoviricetes; Caudovirales; Autographiviridae; Tritonvirus; Synechococcus virus PSSP2,NC_016656,NA,NA,NA,166321,Synechococcus sp. WH 8017,Bacteria; Terrabacteria group; Cyanobacteria/Melainabacteria group; Cyanobacteria; Synechococcales; Synechococcaceae; Synechococcus,NA,RefSeq,NA,NA,1
HQ634191,Cyanophage Syn10,177103,40.607,Myoviridae,Synechococcus,marine,536472,Cyanophage Syn10,Viruses; Duplodnaviria; Heunggongvirae; Uroviricota; Caudoviricetes; Caudovirales; Myoviridae; unclassified Myoviridae,HQ634191,NA,NA,NA,166321,Synechococcus sp. WH 8017,Bacteria; Terrabacteria group; Cyanobacteria/Melainabacteria group; Cyanobacteria; Synechococcales; Synechococcaceae; Synechococcus,NA,RefSeq,NA,NA,1
NC_015279,Synechococcus phage S-SM2,190789,40.426,Myoviridae,Synechococcus,marine,444860,Synechococcus phage S-SM2,Viruses; Duplodnaviria; Heunggongvirae; Uroviricota; Caudoviricetes; Caudovirales; Myoviridae; Bellamyvirus; unclassified Bellamyvirus,NC_015279,NA,NA,NA,166321,Synechococcus sp. WH 8017,Bacteria; Terrabacteria group; Cyanobacteria/Melainabacteria group; Cyanobacteria; Synechococcales; Synechococcaceae; Synechococcus,NA,"NCBI Virus, RefSeq",NA,NA,1
NC_020875,Synechococcus phage S-SSM4,182801,39.393,Myoviridae,Synechococcus,marine,536466,Synechococcus phage S-SSM4,Viruses; Duplodnaviria; Heunggongvirae; Uroviricota; Caudoviricetes; Caudovirales; Myoviridae; unclassified Myoviridae,NC_020875,NA,NA,NA,166322,Synechococcus sp. WH 8018,Bacteria; Terrabacteria group; Cyanobacteria/Melainabacteria group; Cyanobacteria; Synechococcales; Synechococcaceae; Synechococcus,NA,"NCBI Virus, RefSeq",NA,NA,1
JF974292,Cyanophage S-SSM2,179980,41.096,Myoviridae,Synechococcus,marine,536464,Cyanophage S-SSM2,Viruses; Duplodnaviria; Heunggongvirae; Uroviricota; Caudoviricetes; Caudovirales; Myoviridae; Ahtivirus; unclassified Ahtivirus,JF974292,NA,NA,NA,84588,Synechococcus sp. WH 8102,Bacteria; Terrabacteria group; Cyanobacteria/Melainabacteria group; Cyanobacteria; Synechococcales; Synechococcaceae; Synechococcus,NA,RefSeq,NA,NA,1
NC_048015,Cyanophage S-TIM4,176495,37.657,Myoviridae,Synechococcus,marine,1048189,Cyanophage S-TIM4,Viruses; Duplodnaviria; Heunggongvirae; Uroviricota; Caudoviricetes; Caudovirales; Myoviridae; Thaumasvirus; Synechococcus virus STIM4,NC_048015,NA,NA,NA,84588,Synechococcus sp. WH 8102,Bacteria; Terrabacteria group; Cyanobacteria/Melainabacteria group; Cyanobacteria; Synechococcales; Synechococcaceae; Synechococcus,NA,RefSeq,NA,NA,1
NC_019516,Cyanophage S-TIM5,161440,40.458,Myoviridae,Synechococcus,marine,1137745,Cyanophage S-TIM5,Viruses; Duplodnaviria; Heunggongvirae; Uroviricota; Caudoviricetes; Caudovirales; Myoviridae; Aurunvirus; Synechococcus virus STIM5,NC_019516,NA,NA,NA,84588,Synechococcus sp. WH 8102,Bacteria; Terrabacteria group; Cyanobacteria/Melainabacteria group; Cyanobacteria; Synechococcales; Synechococcaceae; Synechococcus,NA,RefSeq,NA,NA,1
NC_015281,Synechococcus phage S-ShM2,179563,41.107,Myoviridae,Synechococcus,marine,445683,Synechococcus phage S-ShM2,Viruses; Duplodnaviria; Heunggongvirae; Uroviricota; Caudoviricetes; Caudovirales; Myoviridae; Ahtivirus; Synechococcus virus SShM2,NC_015281,NA,NA,NA,84588,Synechococcus sp. WH 8102,Bacteria; Terrabacteria group; Cyanobacteria/Melainabacteria group; Cyanobacteria; Synechococcales; Synechococcaceae; Synechococcus,NA,RefSeq,NA,NA,1
NC_015289,Synechococcus phage S-SSM5,176184,39.962,Myoviridae,Synechococcus,marine,445685,Synechococcus phage S-SSM5,Viruses; Duplodnaviria; Heunggongvirae; Uroviricota; Caudoviricetes; Caudovirales; Myoviridae; unclassified Myoviridae,NC_015289,NA,NA,NA,84588,Synechococcus sp. WH 8102,Bacteria; Terrabacteria group; Cyanobacteria/Melainabacteria group; Cyanobacteria; Synechococcales; Synechococcaceae; Synechococcus,NA,"NCBI Virus, RefSeq",NA,NA,1
NC_048026,Synechococcus T7-like phage S-TIP37,45477,50.483,Autographiviridae,Synechococcus,marine,1332145,Synechococcus T7-like phage S-TIP37,Viruses; Duplodnaviria; Heunggongvirae; Uroviricota; Caudoviricetes; Caudovirales; Autographiviridae; Igirivirus; Synechococcus virus STIP37,NC_048026,NA,NA,NA,166314,Synechococcus sp. WH 8109,Bacteria; Terrabacteria group; Cyanobacteria/Melainabacteria group; Cyanobacteria; Synechococcales; Synechococcaceae; Synechococcus,NA,RefSeq,NA,NA,1
NC_009531,Synechococcus virus Syn5,46214,54.97,Autographiviridae,Synechococcus,marine,438482,Synechococcus virus Syn5,Viruses; Duplodnaviria; Heunggongvirae; Uroviricota; Caudoviricetes; Caudovirales; Autographiviridae; Voetvirus,NC_009531,NA,NA,NA,166314,Synechococcus sp. WH 8109,Bacteria; Terrabacteria group; Cyanobacteria/Melainabacteria group; Cyanobacteria; Synechococcales; Synechococcaceae; Synechococcus,NA,"NCBI Virus, RefSeq",NA,NA,1
HQ317391,Cyanophage S-SSM6a,232883,39.127,Myoviridae,Synechococcus,marine,682650,Cyanophage S-SSM6a,Viruses; Duplodnaviria; Heunggongvirae; Uroviricota; Caudoviricetes; Caudovirales; Myoviridae; unclassified Myoviridae,HQ317391,NA,NA,NA,166314,Synechococcus sp. WH 8109,Bacteria; Terrabacteria group; Cyanobacteria/Melainabacteria group; Cyanobacteria; Synechococcales; Synechococcaceae; Synechococcus,NA,RefSeq,NA,NA,1
HQ316603,Cyanophage S-SSM6b,182368,39.403,Myoviridae,Synechococcus,marine,682651,Cyanophage S-SSM6b,Viruses; Duplodnaviria; Heunggongvirae; Uroviricota; Caudoviricetes; Caudovirales; Myoviridae; unclassified Myoviridae,HQ316603,NA,NA,NA,166314,Synechococcus sp. WH 8109,Bacteria; Terrabacteria group; Cyanobacteria/Melainabacteria group; Cyanobacteria; Synechococcales; Synechococcaceae; Synechococcus,NA,RefSeq,NA,NA,1
NC_015287,Synechococcus phage S-SSM7,232878,39.116,Myoviridae,Synechococcus,marine,445686,Synechococcus phage S-SSM7,Viruses; Duplodnaviria; Heunggongvirae; Uroviricota; Caudoviricetes; Caudovirales; Myoviridae; unclassified Myoviridae,NC_015287,NA,NA,NA,166314,Synechococcus sp. WH 8109,Bacteria; Terrabacteria group; Cyanobacteria/Melainabacteria group; Cyanobacteria; Synechococcales; Synechococcaceae; Synechococcus,NA,"NCBI Virus, RefSeq",NA,NA,1
NC_015286,Synechococcus phage Syn19,175230,41.251,Myoviridae,Synechococcus,marine,445684,Synechococcus phage Syn19,Viruses; Duplodnaviria; Heunggongvirae; Uroviricota; Caudoviricetes; Caudovirales; Myoviridae; Pontusvirus; Synechococcus virus Syn19,NC_015286,NA,NA,NA,166314,Synechococcus sp. WH 8109,Bacteria; Terrabacteria group; Cyanobacteria/Melainabacteria group; Cyanobacteria; Synechococcales; Synechococcaceae; Synechococcus,NA,RefSeq,NA,NA,1
NC_024358,Anabaena phage A-4L,41750,43.437,Podoviridae,Anabaena,freshwater,1357732,Anabaena phage A-4L,Viruses; Duplodnaviria; Heunggongvirae; Uroviricota; Caudoviricetes; Caudovirales; Podoviridae; unclassified Podoviridae,NC_024358,NA,NA,NA,264691,Trichormus variabilis,Bacteria; Terrabacteria group; Cyanobacteria/Melainabacteria group; Cyanobacteria; Nostocales; Nostocaceae; Trichormus,NA,"NCBI Virus, RefSeq",NA,NA,1
KU234533,Nostoc phage A1,68304,36.5,Myoviridae,Nostoc,freshwater,NA,NA,NA,NA,NA,NA,NA,NA,NA,NA,NA,NA,NA,NA,NA
KU234532,Nostoc phage N1,64960,35.445,Myoviridae,Nostoc,freshwater,NA,NA,NA,NA,NA,NA,NA,NA,NA,NA,NA,NA,NA,NA,NA
MT457475,Arthronema virus TR020,44805,45.843,Podoviridae,Arthronema,freshwater,NA,NA,NA,NA,NA,NA,NA,NA,NA,NA,NA,NA,NA,NA,NA
KJ410740.1,Synechococcus phage S-EIV1,79178,45.86,Unclassified,Synechococcus,freshwater,NA,NA,NA,NA,NA,NA,NA,NA,NA,NA,NA,NA,NA,NA,NA
HQ332139,Prochlorococcus phage P-RSP2,42257,34.049,Autographiviridae,Prochlorococcus,marine,NA,NA,NA,NA,NA,NA,NA,NA,NA,NA,NA,NA,NA,NA,NA
MT424636,Synechococcus phage S-SBP1,45519,46.846,Autographiviridae,Synechococcus,marine,NA,NA,NA,NA,NA,NA,NA,NA,NA,NA,NA,NA,NA,NA,NA
KX349298,Cyanophage S-RIM14,179558,41.098,Myoviridae,Synechococcus,marine,NA,NA,NA,NA,NA,NA,NA,NA,NA,NA,NA,NA,NA,NA,NA
MK493321,Cyanophage S-RIM4,175462,41.196,Myoviridae,Synechococcus,marine,NA,NA,NA,NA,NA,NA,NA,NA,NA,NA,NA,NA,NA,NA,NA
MN695335,Synechococcus phage B23,243633,35.393,Myoviridae,Synechococcus,marine,NA,NA,NA,NA,NA,NA,NA,NA,NA,NA,NA,NA,NA,NA,NA
MN695334,Synechococcus phage B3,244930,35.363,Myoviridae,Synechococcus,marine,NA,NA,NA,NA,NA,NA,NA,NA,NA,NA,NA,NA,NA,NA,NA
MK799832,Synechococcus phage S-B05,208857,39.865,Myoviridae,Synechococcus,marine,NA,NA,NA,NA,NA,NA,NA,NA,NA,NA,NA,NA,NA,NA,NA
MN018232,Synechococcus phage S-B43,213993,39.431,Myoviridae,Synechococcus,marine,NA,NA,NA,NA,NA,NA,NA,NA,NA,NA,NA,NA,NA,NA,NA
MH107246,Synechococcus phage S-B64,151867,41.275,Myoviridae,Synechococcus,marine,NA,NA,NA,NA,NA,NA,NA,NA,NA,NA,NA,NA,NA,NA,NA
MK016664,Synechococcus phage S-B68,163982,51.745,Myoviridae,Synechococcus,marine,NA,NA,NA,NA,NA,NA,NA,NA,NA,NA,NA,NA,NA,NA,NA
MH920640,Synechococcus phage S-E7,177622,39.894,Myoviridae,Synechococcus,marine,NA,NA,NA,NA,NA,NA,NA,NA,NA,NA,NA,NA,NA,NA,NA
MT162468,Synechococcus phage S-H25,173659,41.171,Myoviridae,Synechococcus,marine,NA,NA,NA,NA,NA,NA,NA,NA,NA,NA,NA,NA,NA,NA,NA
MT162467,Synechococcus phage S-H34,167040,50.076,Myoviridae,Synechococcus,marine,NA,NA,NA,NA,NA,NA,NA,NA,NA,NA,NA,NA,NA,NA,NA
KY945241,Synechococcus phage S-H35,174231,41.188,Myoviridae,Synechococcus,marine,NA,NA,NA,NA,NA,NA,NA,NA,NA,NA,NA,NA,NA,NA,NA
MW117965,Synechococcus phage S-H38,180224,42.424,Myoviridae,Synechococcus,marine,NA,NA,NA,NA,NA,NA,NA,NA,NA,NA,NA,NA,NA,NA,NA
MK016663,Synechococcus phage S-H68,79639,40.366,Myoviridae,Synechococcus,marine,NA,NA,NA,NA,NA,NA,NA,NA,NA,NA,NA,NA,NA,NA,NA
MW117966,Synechococcus phage S-H9-1,192454,40.994,Myoviridae,Synechococcus,marine,NA,NA,NA,NA,NA,NA,NA,NA,NA,NA,NA,NA,NA,NA,NA
MW147367,Synechococcus phage S-H9-2,187320,40.32,Myoviridae,Synechococcus,marine,NA,NA,NA,NA,NA,NA,NA,NA,NA,NA,NA,NA,NA,NA,NA
MT162466,Synechococcus phage S-N03,167069,50.053,Myoviridae,Synechococcus,marine,NA,NA,NA,NA,NA,NA,NA,NA,NA,NA,NA,NA,NA,NA,NA
KX349226,Synechococcus phage S-RIM2,175410,42.161,Myoviridae,Synechococcus,marine,NA,NA,NA,NA,NA,NA,NA,NA,NA,NA,NA,NA,NA,NA,NA
MK867354,Synechococcus phage S-SCSM1,228827,36.842,Myoviridae,Synechococcus,marine,NA,NA,NA,NA,NA,NA,NA,NA,NA,NA,NA,NA,NA,NA,NA
MT408532,Synechococcus phage SynMITS9220M01,190237,38.838,Myoviridae,Synechococcus,marine,NA,NA,NA,NA,NA,NA,NA,NA,NA,NA,NA,NA,NA,NA,NA
MH629685,Synechococcus virus S-PRM1,144311,40.743,Myoviridae,Synechococcus,marine,NA,NA,NA,NA,NA,NA,NA,NA,NA,NA,NA,NA,NA,NA,NA
